Date,price
2/25/2005,105.79
2/28/2005,105.08
3/1/2005,105.62
3/2/2005,105.57
3/3/2005,105.61
3/4/2005,106.93
3/7/2005,106.97
3/8/2005,106.55
3/9/2005,105.39
3/10/2005,105.62
3/11/2005,104.88
3/14/2005,105.54
3/15/2005,104.65
3/16/2005,103.77
3/17/2005,103.99
3/18/2005,103.26
3/21/2005,102.89
3/22/2005,101.85
3/23/2005,101.93
3/24/2005,102.05
3/28/2005,102.19
3/29/2005,101.51
3/30/2005,102.96
3/31/2005,102.77
4/1/2005,102.3
4/4/2005,102.48
4/5/2005,102.97
4/6/2005,103.32
4/7/2005,103.87
4/8/2005,102.8
4/11/2005,102.89
4/12/2005,103.41
4/13/2005,102.18
4/14/2005,100.86
4/15/2005,99.439
4/18/2005,99.75
4/19/2005,100.55
4/20/2005,99.12
4/21/2005,101.06
4/22/2005,100.68
4/25/2005,101.33
4/26/2005,100.36
4/27/2005,100.75
4/28/2005,99.488
4/29/2005,100.84
5/2/2005,101.4
5/3/2005,101.58
5/4/2005,102.37
5/5/2005,102.33
5/6/2005,102
5/9/2005,102.64
5/10/2005,101.58
5/11/2005,102.14
5/12/2005,101.02
5/13/2005,100.81
5/16/2005,101.75
5/17/2005,102.43
5/18/2005,103.49
5/19/2005,103.92
5/20/2005,103.77
5/23/2005,104.35
5/24/2005,104.11
5/25/2005,104.03
5/26/2005,104.57
5/27/2005,104.75
5/31/2005,104.09
6/1/2005,104.98
6/2/2005,105.21
6/3/2005,104.65
6/6/2005,104.56
6/7/2005,104.64
6/8/2005,104.46
6/9/2005,104.96
6/10/2005,104.7
6/13/2005,105.05
6/14/2005,105.3
6/15/2005,105.49
6/16/2005,105.76
6/17/2005,105.74
6/20/2005,105.76
6/21/2005,105.83
6/22/2005,105.91
6/23/2005,104.42
6/24/2005,103.65
6/27/2005,103.8
6/28/2005,104.65
6/29/2005,104.4
6/30/2005,103.82
7/1/2005,104.13
7/5/2005,104.97
7/6/2005,104.09
7/7/2005,104.5
7/8/2005,105.7
7/11/2005,106.22
7/12/2005,106.49
7/13/2005,106.65
7/14/2005,107.09
7/15/2005,107.02
7/18/2005,106.57
7/19/2005,107.17
7/20/2005,107.55
7/21/2005,106.92
7/22/2005,107.64
7/25/2005,107.33
7/26/2005,107.47
7/27/2005,107.85
7/28/2005,108.51
7/29/2005,107.8
8/1/2005,107.73
8/2/2005,108.35
8/3/2005,108.65
8/4/2005,107.79
8/5/2005,107.06
8/8/2005,106.85
8/9/2005,107.51
8/10/2005,107.46
8/11/2005,107.88
8/12/2005,107.21
8/15/2005,107.88
8/16/2005,106.45
8/17/2005,106.44
8/18/2005,106.43
8/19/2005,106.68
8/22/2005,106.68
8/23/2005,106.48
8/24/2005,105.55
8/25/2005,105.92
8/26/2005,105.21
8/29/2005,106.01
8/30/2005,105.46
8/31/2005,106.79
9/1/2005,106.7
9/2/2005,106.5
9/6/2005,107.77
9/7/2005,107.93
9/8/2005,107.61
9/9/2005,108.54
9/12/2005,108.31
9/13/2005,107.74
9/14/2005,107.35
9/15/2005,107.29
9/16/2005,107.61
9/19/2005,107.23
9/20/2005,106.31
9/21/2005,105.35
9/22/2005,105.72
9/23/2005,105.8
9/26/2005,105.91
9/27/2005,105.89
9/28/2005,106
9/29/2005,106.86
9/30/2005,107.19
10/3/2005,106.81
10/4/2005,105.61
10/5/2005,104.22
10/6/2005,103.84
10/7/2005,104.2
10/10/2005,103.32
10/11/2005,103.17
10/12/2005,102.37
10/13/2005,102.3
10/14/2005,103.38
10/17/2005,103.76
10/18/2005,102.64
10/19/2005,104.35
10/20/2005,102.52
10/21/2005,102.92
10/24/2005,104.51
10/25/2005,104.29
10/26/2005,104
10/27/2005,102.89
10/28/2005,104.37
10/31/2005,104.64
11/1/2005,104.97
11/2/2005,106.07
11/3/2005,106.5
11/4/2005,106.36
11/7/2005,106.47
11/8/2005,106.47
11/9/2005,106.61
11/10/2005,107.47
11/11/2005,107.82
11/14/2005,107.76
11/15/2005,107.37
11/16/2005,107.6
11/17/2005,108.57
11/18/2005,109.01
11/21/2005,109.57
11/22/2005,110.03
11/23/2005,110.66
11/25/2005,110.75
11/28/2005,109.96
11/29/2005,109.83
11/30/2005,109.26
12/1/2005,110.37
12/2/2005,110.5
12/5/2005,110.27
12/6/2005,110.47
12/7/2005,109.82
12/8/2005,109.75
12/9/2005,110.05
12/12/2005,110.16
12/13/2005,110.91
12/14/2005,111.35
12/15/2005,111.03
12/16/2005,110.08
12/19/2005,109.53
12/20/2005,109.62
12/21/2005,109.77
12/22/2005,110.37
12/23/2005,110.42
12/27/2005,109.32
12/28/2005,109.57
12/29/2005,109.07
12/30/2005,108.45
1/3/2006,110.38
1/4/2006,110.9
1/5/2006,110.97
1/6/2006,111.89
1/9/2006,112.18
1/10/2006,112.29
1/11/2006,112.66
1/12/2006,112.21
1/13/2006,112.1
1/17/2006,111.78
1/18/2006,111.36
1/19/2006,111.76
1/20/2006,109.73
1/23/2006,110.13
1/24/2006,110.25
1/25/2006,110.34
1/26/2006,110.96
1/27/2006,111.97
1/30/2006,111.89
1/31/2006,111.09
2/1/2006,111.84
2/2/2006,110.54
2/3/2006,110
2/6/2006,110.29
2/7/2006,109.33
2/8/2006,110.3
2/9/2006,110.12
2/10/2006,110.32
2/13/2006,110.12
2/14/2006,111.29
2/15/2006,111.67
2/16/2006,112.52
2/17/2006,112.22
2/21/2006,111.93
2/22/2006,112.62
2/23/2006,112.44
2/24/2006,112.74
2/27/2006,112.78
2/28/2006,111.7
3/1/2006,112.71
3/2/2006,112.7
3/3/2006,112.18
3/6/2006,111.64
3/7/2006,111.5
3/8/2006,111.71
3/9/2006,110.97
3/10/2006,112.02
3/13/2006,112.24
3/14/2006,113.41
3/15/2006,113.91
3/16/2006,114.15
3/17/2006,113.79
3/20/2006,113.61
3/21/2006,112.89
3/22/2006,113.58
3/23/2006,113.36
3/24/2006,113.44
3/27/2006,113.27
3/28/2006,112.58
3/29/2006,113.28
3/30/2006,113.08
3/31/2006,113.11
4/3/2006,113.01
4/4/2006,113.74
4/5/2006,114.13
4/6/2006,114
4/7/2006,112.84
4/10/2006,113.02
4/11/2006,112.06
4/12/2006,112.28
4/13/2006,112.13
4/17/2006,112.08
4/18/2006,113.86
4/19/2006,114.07
4/20/2006,114.24
4/21/2006,114.26
4/24/2006,114.04
4/25/2006,113.57
4/26/2006,113.6
4/27/2006,114.15
4/28/2006,114.53
5/1/2006,113.6
5/2/2006,114.45
5/3/2006,114.02
5/4/2006,114.43
5/5/2006,115.44
5/8/2006,115.3
5/9/2006,115.53
5/10/2006,115.47
5/11/2006,114.07
5/12/2006,112.59
5/15/2006,112.82
5/16/2006,112.66
5/17/2006,110.5
5/18/2006,109.94
5/19/2006,110.72
5/22/2006,109.87
5/23/2006,109.05
5/24/2006,109.9
5/25/2006,111.27
5/26/2006,111.83
5/30/2006,109.84
5/31/2006,111.1
6/1/2006,112.15
6/2/2006,112.37
6/5/2006,110.74
6/6/2006,110.46
6/7/2006,109.63
6/8/2006,109.57
6/9/2006,109.21
6/12/2006,108.01
6/13/2006,106.76
6/14/2006,107.61
6/15/2006,109.86
6/16/2006,108.58
6/19/2006,107.75
6/20/2006,108.1
6/21/2006,108.91
6/22/2006,108.41
6/23/2006,108.4
6/26/2006,108.89
6/27/2006,107.93
6/28/2006,108.68
6/29/2006,110.88
6/30/2006,110.84
7/3/2006,111.34
7/5/2006,110.7
7/6/2006,111.03
7/7/2006,110.29
7/10/2006,110.5
7/11/2006,111
7/12/2006,109.79
7/13/2006,108.01
7/14/2006,107.63
7/17/2006,107.47
7/18/2006,107.99
7/19/2006,109.52
7/20/2006,108.75
7/21/2006,107.97
7/24/2006,109.94
7/25/2006,110.34
7/26/2006,110.48
7/27/2006,110.38
7/28/2006,111.51
7/31/2006,111.38
8/1/2006,110.84
8/2/2006,111.58
8/3/2006,111.87
8/4/2006,111.67
8/7/2006,111.48
8/8/2006,111
8/9/2006,110.61
8/10/2006,110.97
8/11/2006,110.64
8/14/2006,110.73
8/15/2006,112.05
8/16/2006,113.07
8/17/2006,113.28
8/18/2006,113.85
8/21/2006,113.38
8/22/2006,113.37
8/23/2006,113.04
8/24/2006,112.94
8/25/2006,113.09
8/28/2006,113.63
8/29/2006,113.76
8/30/2006,113.83
8/31/2006,113.81
9/1/2006,114.48
9/5/2006,114.71
9/6/2006,113.69
9/7/2006,113.18
9/8/2006,113.5
9/11/2006,113.61
9/12/2006,114.72
9/13/2006,115.2
9/14/2006,115.21
9/15/2006,114.96
9/18/2006,115.13
9/19/2006,114.83
9/20/2006,115.44
9/21/2006,114.88
9/22/2006,114.53
9/25/2006,115.41
9/26/2006,116.35
9/27/2006,116.5
9/28/2006,116.46
9/29/2006,116.35
10/2/2006,115.93
10/3/2006,116.18
10/4/2006,117.54
10/5/2006,117.75
10/6/2006,117.61
10/9/2006,117.66
10/10/2006,117.83
10/11/2006,117.68
10/12/2006,118.73
10/13/2006,119.04
10/16/2006,119.22
10/17/2006,118.85
10/18/2006,119.01
10/19/2006,119.19
10/20/2006,119.22
10/23/2006,119.74
10/24/2006,120.12
10/25/2006,120.53
10/26/2006,120.89
10/27/2006,120.15
10/30/2006,120.06
10/31/2006,120.04
11/1/2006,119.24
11/2/2006,119.16
11/3/2006,118.97
11/6/2006,120.29
11/7/2006,120.77
11/8/2006,121.01
11/9/2006,120.38
11/10/2006,120.43
11/13/2006,120.74
11/14/2006,121.63
11/15/2006,121.98
11/16/2006,122.31
11/17/2006,122.35
11/20/2006,122.41
11/21/2006,122.52
11/22/2006,122.76
11/24/2006,122.28
11/27/2006,120.6
11/28/2006,121.11
11/29/2006,122.39
11/30/2006,122.43
12/1/2006,122.16
12/4/2006,123.08
12/5/2006,123.62
12/6/2006,123.51
12/7/2006,122.96
12/8/2006,123.2
12/11/2006,123.56
12/12/2006,123.45
12/13/2006,123.59
12/14/2006,124.65
12/15/2006,124.02
12/18/2006,123.67
12/19/2006,123.91
12/20/2006,123.84
12/21/2006,123.37
12/22/2006,122.62
12/26/2006,123.33
12/27/2006,124.15
12/28/2006,123.9
12/29/2006,123.37
1/3/2007,123.16
1/4/2007,123.42
1/5/2007,122.44
1/8/2007,122.99
1/9/2007,122.89
1/10/2007,123.3
1/11/2007,123.85
1/12/2007,124.76
1/16/2007,124.53
1/17/2007,124.59
1/18/2007,124.18
1/19/2007,124.43
1/22/2007,124.05
1/23/2007,124.41
1/24/2007,125.41
1/25/2007,123.95
1/26/2007,123.85
1/29/2007,123.75
1/30/2007,124.4
1/31/2007,125.22
2/1/2007,125.99
2/2/2007,126.16
2/5/2007,126.2
2/6/2007,126.24
2/7/2007,126.5
2/8/2007,126.34
2/9/2007,125.4
2/12/2007,124.96
2/13/2007,126.03
2/14/2007,126.84
2/15/2007,127.02
2/16/2007,126.95
2/20/2007,127.22
2/21/2007,127.17
2/22/2007,127.07
2/23/2007,126.56
2/26/2007,126.46
2/27/2007,121.52
2/28/2007,122.76
3/1/2007,122.41
3/2/2007,120.82
3/5/2007,119.64
3/6/2007,121.7
3/7/2007,121.57
3/8/2007,122.61
3/9/2007,122.64
3/12/2007,122.81
3/13/2007,120.44
3/14/2007,121.33
3/15/2007,121.49
3/16/2007,120.69
3/19/2007,122.15
3/20/2007,122.79
3/21/2007,124.81
3/22/2007,124.71
3/23/2007,124.9
3/26/2007,124.73
3/27/2007,124.46
3/28/2007,123.55
3/29/2007,123.69
3/30/2007,123.72
4/2/2007,123.85
4/3/2007,125.17
4/4/2007,125.32
4/5/2007,125.67
4/9/2007,125.84
4/10/2007,125.99
4/11/2007,125.47
4/12/2007,126.03
4/13/2007,126.58
4/16/2007,127.8
4/17/2007,128.14
4/18/2007,128.3
4/19/2007,128.27
4/20/2007,129.48
4/23/2007,128.98
4/24/2007,129.03
4/25/2007,130.23
4/26/2007,130.38
4/27/2007,130.28
4/30/2007,129.18
5/1/2007,129.52
5/2/2007,130.29
5/3/2007,130.97
5/4/2007,131.48
5/7/2007,131.5
5/8/2007,131.32
5/9/2007,131.69
5/10/2007,130.31
5/11/2007,131.42
5/14/2007,131.12
5/15/2007,131.16
5/16/2007,132.07
5/17/2007,131.81
5/18/2007,132.96
5/21/2007,132.89
5/22/2007,132.79
5/23/2007,132.81
5/24/2007,131.6
5/25/2007,132.16
5/29/2007,132.63
5/30/2007,133.72
5/31/2007,133.58
6/1/2007,134.23
6/4/2007,134.25
6/5/2007,133.73
6/6/2007,132.28
6/7/2007,129.89
6/8/2007,131.59
6/11/2007,131.81
6/12/2007,130.38
6/13/2007,132.32
6/14/2007,133.15
6/15/2007,133.35
6/18/2007,133.18
6/19/2007,133.53
6/20/2007,131.67
6/21/2007,132.41
6/22/2007,131.14
6/25/2007,130.53
6/26/2007,129.18
6/27/2007,131.01
6/28/2007,130.99
6/29/2007,131.04
7/2/2007,132.23
7/3/2007,132.71
7/5/2007,132.57
7/6/2007,133.26
7/9/2007,133.28
7/10/2007,131.48
7/11/2007,132.42
7/12/2007,134.51
7/13/2007,134.89
7/16/2007,134.87
7/17/2007,134.81
7/18/2007,134.56
7/19/2007,135.1
7/20/2007,133.74
7/23/2007,134.13
7/24/2007,131.81
7/25/2007,132.08
7/26/2007,128.94
7/27/2007,126.41
7/30/2007,128.41
7/31/2007,126.94
8/1/2007,127.57
8/2/2007,128.58
8/3/2007,125.27
8/6/2007,127.37
8/7/2007,128.73
8/8/2007,130.53
8/9/2007,126.63
8/10/2007,126.07
8/13/2007,126.52
8/14/2007,124.58
8/15/2007,122.86
8/16/2007,123.8
8/17/2007,126.07
8/20/2007,126.01
8/21/2007,126.27
8/22/2007,127.75
8/23/2007,127.65
8/24/2007,129.21
8/27/2007,128.01
8/28/2007,125.19
8/29/2007,127.66
8/30/2007,127.33
8/31/2007,128.57
9/4/2007,129.88
9/5/2007,128.75
9/6/2007,129.03
9/7/2007,127.25
9/10/2007,127.01
9/11/2007,128.49
9/12/2007,128.81
9/13/2007,129.73
9/14/2007,129.72
9/17/2007,129.01
9/18/2007,132.82
9/19/2007,133.62
9/20/2007,132.67
9/21/2007,132.4
9/24/2007,132.16
9/25/2007,131.9
9/26/2007,132.58
9/27/2007,133.36
9/28/2007,132.92
10/1/2007,134.43
10/2/2007,134.24
10/3/2007,133.96
10/4/2007,134.17
10/5/2007,135.78
10/8/2007,135.05
10/9/2007,136.32
10/10/2007,136.09
10/11/2007,135.45
10/12/2007,136.19
10/15/2007,135.04
10/16/2007,133.96
10/17/2007,134.39
10/18/2007,133.88
10/19/2007,130.4
10/22/2007,131.13
10/23/2007,132.21
10/24/2007,131.96
10/25/2007,132.28
10/26/2007,133.83
10/29/2007,134.28
10/30/2007,133.34
10/31/2007,134.71
11/1/2007,131.58
11/2/2007,131.73
11/5/2007,130.72
11/6/2007,132.48
11/7/2007,128.85
11/8/2007,128.21
11/9/2007,126.44
11/12/2007,125.17
11/13/2007,128.99
11/14/2007,128.64
11/15/2007,126.78
11/16/2007,127.01
11/19/2007,125.23
11/20/2007,126.01
11/21/2007,123.43
11/23/2007,125.57
11/26/2007,122.78
11/27/2007,124.21
11/28/2007,128.18
11/29/2007,128.23
11/30/2007,129.51
12/3/2007,128.65
12/4/2007,127.51
12/5/2007,129.64
12/6/2007,131.49
12/7/2007,131.47
12/10/2007,132.49
12/11/2007,128.85
12/12/2007,130.13
12/13/2007,129.86
12/14/2007,128.22
12/17/2007,126.38
12/18/2007,127.08
12/19/2007,127.08
12/20/2007,127.89
12/21/2007,129.03
12/24/2007,130.01
12/26/2007,130.29
12/27/2007,128.64
12/28/2007,128.33
12/31/2007,127.37
1/2/2008,126.27
1/3/2008,126.21
1/4/2008,123.1
1/7/2008,122.99
1/8/2008,121.01
1/9/2008,122.3
1/10/2008,123.08
1/11/2008,122.11
1/14/2008,123.07
1/15/2008,120.37
1/16/2008,119.34
1/17/2008,116.24
1/18/2008,115.05
1/22/2008,113.87
1/23/2008,116.61
1/24/2008,117.6
1/25/2008,115.9
1/28/2008,117.8
1/29/2008,118.39
1/30/2008,117.53
1/31/2008,119.66
2/1/2008,121.59
2/4/2008,120.07
2/5/2008,116.86
2/6/2008,115.91
2/7/2008,116.68
2/8/2008,115.93
2/11/2008,116.51
2/12/2008,117.6
2/13/2008,118.81
2/14/2008,117.74
2/15/2008,117.71
2/19/2008,118.06
2/20/2008,118.4
2/21/2008,117.41
2/22/2008,118.14
2/25/2008,119.62
2/26/2008,120.54
2/27/2008,120.41
2/28/2008,119.25
2/29/2008,116.58
3/3/2008,116.29
3/4/2008,115.85
3/5/2008,116.59
3/6/2008,114.18
3/7/2008,112.99
3/10/2008,111.52
3/11/2008,115.52
3/12/2008,114.43
3/13/2008,114.69
3/14/2008,112.91
3/17/2008,111.76
3/18/2008,116.4
3/19/2008,113.52
3/20/2008,115.07
3/24/2008,117.37
3/25/2008,117.47
3/26/2008,116.03
3/27/2008,115.67
3/28/2008,114.57
3/31/2008,114.97
4/1/2008,119.03
4/2/2008,119.1
4/3/2008,119.38
4/4/2008,119.27
4/7/2008,119.32
4/8/2008,119.2
4/9/2008,118.33
4/10/2008,118.49
4/11/2008,116.2
4/14/2008,115.79
4/15/2008,116.06
4/16/2008,119.23
4/17/2008,119.39
4/18/2008,120.65
4/21/2008,120.71
4/22/2008,120.18
4/23/2008,119.97
4/24/2008,120.5
4/25/2008,121.61
4/28/2008,121.64
4/29/2008,121.17
4/30/2008,120.45
5/1/2008,122.93
5/2/2008,123.27
5/5/2008,122.68
5/6/2008,123.75
5/7/2008,121.54
5/8/2008,121.24
5/9/2008,121
5/12/2008,122.39
5/13/2008,122.4
5/14/2008,122.64
5/15/2008,124.17
5/16/2008,124.28
5/19/2008,124.61
5/20/2008,123.61
5/21/2008,121.51
5/22/2008,121.53
5/23/2008,119.9
5/27/2008,120.81
5/28/2008,121.35
5/29/2008,121.97
5/30/2008,122.28
6/2/2008,121
6/3/2008,120.3
6/4/2008,120.24
6/5/2008,122.64
6/6/2008,118.74
6/9/2008,119.03
6/10/2008,118.42
6/11/2008,116.69
6/12/2008,117.16
6/13/2008,118.62
6/16/2008,118.69
6/17/2008,118.1
6/18/2008,116.97
6/19/2008,117.13
6/20/2008,114.62
6/23/2008,114.51
6/24/2008,114.3
6/25/2008,114.83
6/26/2008,111.7
6/27/2008,111.12
6/30/2008,111.51
7/1/2008,111.83
7/2/2008,109.91
7/3/2008,110.03
7/7/2008,108.91
7/8/2008,110.85
7/9/2008,108.71
7/10/2008,109.16
7/11/2008,107.89
7/14/2008,106.92
7/15/2008,105.4
7/16/2008,107.98
7/17/2008,109.08
7/18/2008,109.74
7/21/2008,109.79
7/22/2008,111.07
7/23/2008,111.64
7/24/2008,109.36
7/25/2008,109.33
7/28/2008,107.72
7/29/2008,110.01
7/30/2008,111.97
7/31/2008,110.48
8/1/2008,109.89
8/4/2008,108.89
8/5/2008,111.81
8/6/2008,112.31
8/7/2008,110.64
8/8/2008,112.71
8/11/2008,113.87
8/12/2008,112.69
8/13/2008,112
8/14/2008,112.84
8/15/2008,113.41
8/18/2008,111.84
8/19/2008,110.62
8/20/2008,111.15
8/21/2008,111.34
8/22/2008,112.94
8/25/2008,110.65
8/26/2008,110.98
8/27/2008,112.05
8/28/2008,113.42
8/29/2008,112.2
9/2/2008,111.52
9/3/2008,111.41
9/4/2008,108.04
9/5/2008,108.38
9/8/2008,110.62
9/9/2008,107.36
9/10/2008,107.79
9/11/2008,109.36
9/12/2008,109.83
9/15/2008,104.61
9/16/2008,106.35
9/17/2008,101.58
9/18/2008,104.59
9/19/2008,108.12
9/22/2008,105.69
9/23/2008,103.27
9/24/2008,103.6
9/25/2008,105.23
9/26/2008,105.29
9/29/2008,97.012
9/30/2008,101.05
10/1/2008,101.1
10/2/2008,97.428
10/3/2008,96.128
10/6/2008,91.229
10/7/2008,87.143
10/8/2008,84.947
10/9/2008,79.015
10/10/2008,77.098
10/13/2008,88.292
10/14/2008,86.987
10/15/2008,78.422
10/16/2008,81.689
10/17/2008,81.202
10/20/2008,86.08
10/21/2008,83.511
10/22/2008,78.962
10/23/2008,79.879
10/24/2008,75.827
10/27/2008,73.134
10/28/2008,81.68
10/29/2008,81.087
10/30/2008,83.892
10/31/2008,84.355
11/3/2008,84.597
11/4/2008,87.473
11/5/2008,83.797
11/6/2008,79.155
11/7/2008,81.769
11/10/2008,80.697
11/11/2008,78.204
11/12/2008,74.764
11/13/2008,79.423
11/14/2008,75.459
11/17/2008,74.458
11/18/2008,75.861
11/19/2008,70.999
11/20/2008,65.728
11/21/2008,69.276
11/24/2008,74.075
11/25/2008,74.623
11/26/2008,77.508
11/28/2008,78.482
12/1/2008,71.529
12/2/2008,74.285
12/3/2008,76.07
12/4/2008,74.311
12/5/2008,76.601
12/8/2008,79.274
12/9/2008,77.969
12/10/2008,78.499
12/11/2008,76.61
12/12/2008,77.525
12/15/2008,76.444
12/16/2008,80.042
12/17/2008,79.266
12/18/2008,77.788
12/19/2008,76.827
12/22/2008,75.843
12/23/2008,75.058
12/24/2008,75.495
12/26/2008,75.931
12/29/2008,75.713
12/30/2008,77.508
12/31/2008,78.614
1/2/2009,80.984
1/5/2009,80.888
1/6/2009,81.427
1/7/2009,78.989
1/8/2009,79.311
1/9/2009,77.611
1/12/2009,75.746
1/13/2009,75.887
1/14/2009,73.501
1/15/2009,73.527
1/16/2009,74.101
1/20/2009,70.189
1/21/2009,73.221
1/22/2009,72.088
1/23/2009,72.403
1/26/2009,72.901
1/27/2009,73.639
1/28/2009,76.131
1/29/2009,73.657
1/30/2009,72.158
2/2/2009,71.939
2/3/2009,72.949
2/4/2009,72.595
2/5/2009,73.675
2/6/2009,75.772
2/9/2009,75.879
2/10/2009,72.403
2/11/2009,72.829
2/12/2009,72.883
2/13/2009,72.098
2/17/2009,69.014
2/18/2009,68.849
2/19/2009,68.108
2/20/2009,67.444
2/23/2009,65.031
2/24/2009,67.497
2/25/2009,66.966
2/26/2009,65.878
2/27/2009,64.404
3/2/2009,61.504
3/3/2009,61.043
3/4/2009,62.487
3/5/2009,59.936
3/6/2009,60.043
3/9/2009,59.334
3/10/2009,62.872
3/11/2009,63.282
3/12/2009,65.772
3/13/2009,66.286
3/16/2009,66.086
3/17/2009,68.108
3/18/2009,69.634
3/19/2009,68.771
3/20/2009,66.828
3/23/2009,71.627
3/24/2009,70.214
3/25/2009,70.955
3/26/2009,72.403
3/27/2009,71.098
3/30/2009,68.64
3/31/2009,69.276
4/1/2009,70.617
4/2/2009,72.683
4/3/2009,73.403
4/6/2009,72.829
4/7/2009,71.13
4/8/2009,71.897
4/9/2009,74.756
4/13/2009,74.772
4/14/2009,73.484
4/15/2009,74.267
4/16/2009,75.358
4/17/2009,75.861
4/20/2009,72.683
4/21/2009,74.101
4/22/2009,73.648
4/23/2009,74.37
4/24/2009,75.495
4/27/2009,74.781
4/28/2009,74.546
4/29/2009,76.131
4/30/2009,76.157
5/1/2009,76.566
5/4/2009,79.172
5/5/2009,78.9
5/6/2009,80.268
5/7/2009,79.155
5/8/2009,81.002
5/11/2009,79.485
5/12/2009,79.25
5/13/2009,77.254
5/14/2009,77.917
5/15/2009,77.281
5/18/2009,79.475
5/19/2009,79.38
5/20/2009,78.851
5/21/2009,77.716
5/22/2009,77.55
5/26/2009,79.539
5/27/2009,78.118
5/28/2009,79.208
5/29/2009,80.61
6/1/2009,82.559
6/2/2009,82.63
6/3/2009,81.585
6/4/2009,82.351
6/5/2009,82.369
6/8/2009,82.028
6/9/2009,82.448
6/10/2009,82.238
6/11/2009,82.602
6/12/2009,82.83
6/15/2009,80.931
6/16/2009,79.833
6/17/2009,79.757
6/18/2009,80.34
6/19/2009,80.182
6/22/2009,77.778
6/23/2009,77.838
6/24/2009,78.508
6/25/2009,80.218
6/26/2009,80.008
6/29/2009,80.757
6/30/2009,80.104
7/1/2009,80.434
7/2/2009,78.239
7/6/2009,78.229
7/7/2009,76.714
7/8/2009,76.662
7/9/2009,76.812
7/10/2009,76.627
7/13/2009,78.491
7/14/2009,78.936
7/15/2009,81.244
7/16/2009,82.019
7/17/2009,82.003
7/20/2009,82.875
7/21/2009,83.257
7/22/2009,83.24
7/23/2009,85.078
7/24/2009,85.426
7/27/2009,85.68
7/28/2009,85.277
7/29/2009,85.069
7/30/2009,85.956
7/31/2009,86.08
8/3/2009,87.5
8/4/2009,87.726
8/5/2009,87.473
8/6/2009,87.022
8/7/2009,88.164
8/10/2009,87.98
8/11/2009,86.881
8/12/2009,87.813
8/13/2009,88.484
8/14/2009,87.805
8/17/2009,85.646
8/18/2009,86.323
8/19/2009,87.079
8/20/2009,87.98
8/21/2009,89.705
8/24/2009,89.696
8/25/2009,89.87
8/26/2009,89.879
8/27/2009,90.079
8/28/2009,90.061
8/31/2009,89.26
9/1/2009,87.29
9/2/2009,86.96
9/3/2009,87.682
9/4/2009,88.912
9/8/2009,89.678
9/9/2009,90.365
9/10/2009,91.289
9/11/2009,91.271
9/14/2009,91.718
9/15/2009,92.1
9/16/2009,93.493
9/17/2009,93.353
9/18/2009,92.971
9/21/2009,92.731
9/22/2009,93.267
9/23/2009,92.501
9/24/2009,91.481
9/25/2009,90.993
9/28/2009,92.622
9/29/2009,92.341
9/30/2009,91.985
10/1/2009,89.731
10/2/2009,89.287
10/5/2009,90.618
10/6/2009,91.918
10/7/2009,92.167
10/8/2009,92.872
10/9/2009,93.437
10/12/2009,93.8
10/13/2009,93.612
10/14/2009,95.217
10/15/2009,95.56
10/16/2009,94.861
10/19/2009,95.636
10/20/2009,95.141
10/21/2009,94.288
10/22/2009,95.237
10/23/2009,94.158
10/26/2009,93.131
10/27/2009,92.713
10/28/2009,90.957
10/29/2009,92.909
10/30/2009,90.219
11/2/2009,90.881
11/3/2009,91.168
11/4/2009,91.403
11/5/2009,93.085
11/6/2009,93.325
11/9/2009,95.447
11/10/2009,95.467
11/11/2009,95.952
11/12/2009,94.988
11/13/2009,95.492
11/16/2009,96.875
11/17/2009,96.983
11/18/2009,96.915
11/19/2009,95.665
11/20/2009,95.322
11/23/2009,96.556
11/24/2009,96.711
11/25/2009,97.012
11/27/2009,95.447
11/30/2009,95.771
12/1/2009,96.944
12/2/2009,96.905
12/3/2009,96.166
12/4/2009,96.73
12/7/2009,96.576
12/8/2009,95.482
12/9/2009,95.837
12/10/2009,96.399
12/11/2009,96.809
12/14/2009,97.447
12/15/2009,96.993
12/16/2009,97.135
12/17/2009,95.981
12/18/2009,96.009
12/21/2009,96.973
12/22/2009,97.32
12/23/2009,97.525
12/24/2009,97.989
12/28/2009,98.203
12/29/2009,98.067
12/30/2009,98.028
12/31/2009,97.068
1/4/2010,98.728
1/5/2010,98.986
1/6/2010,99.04
1/7/2010,99.478
1/8/2010,99.81
1/11/2010,99.95
1/12/2010,99.006
1/13/2010,99.85
1/14/2010,100.13
1/15/2010,98.996
1/19/2010,100.25
1/20/2010,99.2
1/21/2010,97.292
1/22/2010,95.141
1/25/2010,95.616
1/26/2010,95.217
1/27/2010,95.675
1/28/2010,94.593
1/29/2010,93.55
2/1/2010,95.016
2/2/2010,96.166
2/3/2010,95.675
2/4/2010,92.731
2/5/2010,92.917
2/8/2010,92.249
2/9/2010,93.401
2/10/2010,93.223
2/11/2010,94.201
2/12/2010,94.118
2/16/2010,95.589
2/17/2010,96.061
2/18/2010,96.641
2/19/2010,96.836
2/22/2010,96.845
2/23/2010,95.655
2/24/2010,96.556
2/25/2010,96.427
2/26/2010,96.494
3/1/2010,97.467
3/2/2010,97.745
3/3/2010,97.832
3/4/2010,98.133
3/5/2010,99.53
3/8/2010,99.55
3/9/2010,99.71
3/10/2010,100.16
3/11/2010,100.58
3/12/2010,100.59
3/15/2010,100.62
3/16/2010,101.4
3/17/2010,102.01
3/18/2010,101.96
3/19/2010,101.04
3/22/2010,101.57
3/23/2010,102.28
3/24/2010,101.79
3/25/2010,101.61
3/26/2010,101.56
3/29/2010,102.2
3/30/2010,102.27
3/31/2010,101.93
4/1/2010,102.62
4/5/2010,103.46
4/6/2010,103.7
4/7/2010,103.1
4/8/2010,103.47
4/9/2010,104.15
4/12/2010,104.31
4/13/2010,104.4
4/14/2010,105.59
4/15/2010,105.67
4/16/2010,103.99
4/19/2010,104.38
4/20/2010,105.32
4/21/2010,105.11
4/22/2010,105.43
4/23/2010,106.12
4/26/2010,105.73
4/27/2010,103.21
4/28/2010,104
4/29/2010,105.3
4/30/2010,103.51
5/3/2010,104.84
5/4/2010,102.39
5/5/2010,101.77
5/6/2010,98.4
5/7/2010,96.915
5/10/2010,101.19
5/11/2010,100.92
5/12/2010,102.32
5/13/2010,101.05
5/14/2010,99.2
5/17/2010,99.259
5/18/2010,97.931
5/19/2010,97.35
5/20/2010,93.676
5/21/2010,95.055
5/24/2010,93.825
5/25/2010,93.932
5/26/2010,93.363
5/27/2010,96.504
5/28/2010,95.275
6/1/2010,93.666
6/2/2010,96.118
6/3/2010,96.464
6/4/2010,93.057
6/7/2010,91.901
6/8/2010,92.882
6/9/2010,92.387
6/10/2010,95.095
6/11/2010,95.54
6/14/2010,95.398
6/15/2010,97.568
6/16/2010,97.538
6/17/2010,97.685
6/18/2010,97.32
6/21/2010,97.038
6/22/2010,95.447
6/23/2010,95.151
6/24/2010,93.578
6/25/2010,93.97
6/28/2010,93.666
6/29/2010,90.782
6/30/2010,89.923
7/1/2010,89.521
7/2/2010,89.032
7/6/2010,89.616
7/7/2010,92.44
7/8/2010,93.353
7/9/2010,94.052
7/12/2010,94.109
7/13/2010,95.53
7/14/2010,95.52
7/15/2010,95.54
7/16/2010,92.917
7/19/2010,93.464
7/20/2010,94.507
7/21/2010,93.267
7/22/2010,95.351
7/23/2010,96.196
7/26/2010,97.165
7/27/2010,97.155
7/28/2010,96.566
7/29/2010,96.089
7/30/2010,96.07
8/2/2010,98.231
8/3/2010,97.764
8/4/2010,98.42
8/5/2010,98.32
8/6/2010,97.921
8/9/2010,98.438
8/10/2010,97.911
8/11/2010,95.207
8/12/2010,94.642
8/13/2010,94.356
8/16/2010,94.318
8/17/2010,95.467
8/18/2010,95.636
8/19/2010,93.979
8/20/2010,93.666
8/23/2010,93.315
8/24/2010,91.933
8/25/2010,92.291
8/26/2010,91.673
8/27/2010,93.095
8/30/2010,91.744
8/31/2010,91.747
9/1/2010,94.487
9/2/2010,95.361
9/3/2010,96.622
9/7/2010,95.51
9/8/2010,96.196
9/9/2010,96.641
9/10/2010,97.107
9/13/2010,98.203
9/14/2010,98.143
9/15/2010,98.517
9/16/2010,98.497
9/17/2010,97.999
9/20/2010,99.498
9/21/2010,99.289
9/22/2010,98.798
9/23/2010,98.009
9/24/2010,100.03
9/27/2010,99.55
9/28/2010,99.9
9/29/2010,99.72
9/30/2010,99.429
10/1/2010,99.84
10/4/2010,99.08
10/5/2010,101.09
10/6/2010,101.08
10/7/2010,100.97
10/8/2010,101.52
10/11/2010,101.61
10/12/2010,101.94
10/13/2010,102.73
10/14/2010,102.33
10/15/2010,102.54
10/18/2010,103.26
10/19/2010,101.69
10/20/2010,102.68
10/21/2010,102.92
10/22/2010,103.09
10/25/2010,103.41
10/26/2010,103.43
10/27/2010,103.12
10/28/2010,103.14
10/29/2010,103.22
11/1/2010,103.25
11/2/2010,104.09
11/3/2010,104.5
11/4/2010,106.49
11/5/2010,106.93
11/8/2010,106.7
11/9/2010,105.94
11/10/2010,106.35
11/11/2010,105.97
11/12/2010,104.7
11/15/2010,104.55
11/16/2010,102.94
11/17/2010,103
11/18/2010,104.51
11/19/2010,104.79
11/22/2010,104.69
11/23/2010,103.19
11/24/2010,104.7
11/26/2010,103.5
11/29/2010,103.8
11/30/2010,103.22
12/1/2010,105.42
12/2/2010,106.77
12/3/2010,107.07
12/6/2010,106.95
12/7/2010,107.01
12/8/2010,107.41
12/9/2010,107.82
12/10/2010,108.43
12/13/2010,108.5
12/14/2010,108.6
12/15/2010,108.11
12/16/2010,108.74
12/17/2010,108.27
12/20/2010,108.54
12/21/2010,109.24
12/22/2010,109.59
12/23/2010,109.44
12/27/2010,109.49
12/28/2010,109.62
12/29/2010,109.68
12/30/2010,109.54
12/31/2010,109.57
1/3/2011,110.68
1/4/2011,110.61
1/5/2011,111.2
1/6/2011,110.98
1/7/2011,110.76
1/10/2011,110.61
1/11/2011,111.02
1/12/2011,112.01
1/13/2011,111.82
1/14/2011,112.65
1/18/2011,112.83
1/19/2011,111.72
1/20/2011,111.58
1/21/2011,111.82
1/24/2011,112.46
1/25/2011,112.53
1/26/2011,112.96
1/27/2011,113.25
1/28/2011,111.26
1/31/2011,112.1
2/1/2011,113.89
2/2/2011,113.67
2/3/2011,113.92
2/4/2011,114.26
2/7/2011,114.97
2/8/2011,115.49
2/9/2011,115.25
2/10/2011,115.28
2/11/2011,115.96
2/14/2011,116.24
2/15/2011,115.87
2/16/2011,116.6
2/18/2011,117.21
2/22/2011,114.85
2/23/2011,114.14
2/24/2011,114.05
2/25/2011,115.28
2/28/2011,116
3/1/2011,114.06
3/2/2011,114.31
3/3/2011,116.27
3/4/2011,115.4
3/7/2011,114.49
3/8/2011,115.5
3/9/2011,115.33
3/10/2011,113.21
3/11/2011,113.97
3/14/2011,113.3
3/15/2011,111.99
3/16/2011,109.91
3/17/2011,111.38
3/18/2011,111.77
3/21/2011,113.51
3/22/2011,113.12
3/23/2011,113.45
3/24/2011,114.53
3/25/2011,114.88
3/28/2011,114.59
3/29/2011,115.37
3/30/2011,116.16
3/31/2011,116
4/1/2011,116.49
4/4/2011,116.59
4/5/2011,116.57
4/6/2011,116.96
4/7/2011,116.65
4/8/2011,116.25
4/11/2011,115.89
4/12/2011,115.03
4/13/2011,115.02
4/14/2011,115.11
4/15/2011,115.53
4/18/2011,114.24
4/19/2011,114.89
4/20/2011,116.44
4/21/2011,117.07
4/25/2011,116.94
4/26/2011,117.93
4/27/2011,118.71
4/28/2011,119.1
4/29/2011,119.36
5/2/2011,119.19
5/3/2011,118.76
5/4/2011,117.96
5/5/2011,116.91
5/6/2011,117.4
5/9/2011,117.86
5/10/2011,118.89
5/11/2011,117.61
5/12/2011,118.18
5/13/2011,117.28
5/16/2011,116.53
5/17/2011,116.51
5/18/2011,117.55
5/19/2011,117.82
5/20/2011,116.91
5/23/2011,115.54
5/24/2011,115.44
5/25/2011,115.82
5/26/2011,116.35
5/27/2011,116.81
5/31/2011,118.02
6/1/2011,115.38
6/2/2011,115.27
6/3/2011,114.1
6/6/2011,112.91
6/7/2011,112.83
6/8/2011,112.36
6/9/2011,113.22
6/10/2011,111.64
6/13/2011,111.72
6/14/2011,113.15
6/15/2011,111.15
6/16/2011,111.38
6/17/2011,111.7
6/20/2011,112.28
6/21/2011,113.83
6/22/2011,113.14
6/23/2011,112.81
6/24/2011,111.51
6/27/2011,112.49
6/28/2011,113.95
6/29/2011,114.94
6/30/2011,116.02
7/1/2011,117.73
7/5/2011,117.64
7/6/2011,117.78
7/7/2011,119.03
7/8/2011,118.17
7/11/2011,116.02
7/12/2011,115.54
7/13/2011,115.92
7/14/2011,115.13
7/15/2011,115.78
7/18/2011,114.84
7/19/2011,116.71
7/20/2011,116.64
7/21/2011,118.24
7/22/2011,118.33
7/25/2011,117.66
7/26/2011,117.23
7/27/2011,114.83
7/28/2011,114.49
7/29/2011,113.71
8/1/2011,113.24
8/2/2011,110.33
8/3/2011,110.94
8/4/2011,105.75
8/5/2011,105.59
8/8/2011,98.698
8/9/2011,103.29
8/10/2011,98.728
8/11/2011,103.16
8/12/2011,103.85
8/15/2011,106.06
8/16/2011,105.15
8/17/2011,105.23
8/18/2011,100.68
8/19/2011,99.021
8/22/2011,99.1
8/23/2011,102.39
8/24/2011,103.82
8/25/2011,102.24
8/26/2011,103.72
8/29/2011,106.7
8/30/2011,106.99
8/31/2011,107.48
9/1/2011,106.31
9/2/2011,103.61
9/6/2011,102.88
9/7/2011,105.77
9/8/2011,104.65
9/9/2011,101.92
9/12/2011,102.58
9/13/2011,103.53
9/14/2011,104.97
9/15/2011,106.77
9/16/2011,107.42
9/19/2011,106.31
9/20/2011,106.21
9/21/2011,103.07
9/22/2011,99.75
9/23/2011,100.35
9/26/2011,102.74
9/27/2011,103.88
9/28/2011,101.77
9/29/2011,102.57
9/30/2011,100.01
10/3/2011,97.135
10/4/2011,99.279
10/5/2011,101.12
10/6/2011,102.96
10/7/2011,102.26
10/10/2011,105.69
10/11/2011,105.8
10/12/2011,106.71
10/13/2011,106.49
10/14/2011,108.31
10/17/2011,106.25
10/18/2011,108.32
10/19/2011,107.07
10/20/2011,107.54
10/21/2011,109.58
10/24/2011,110.91
10/25/2011,108.76
10/26/2011,109.84
10/27/2011,113.68
10/28/2011,113.66
10/31/2011,110.92
11/1/2011,107.83
11/2/2011,109.6
11/3/2011,111.58
11/4/2011,110.9
11/7/2011,111.59
11/8/2011,113.02
11/9/2011,108.85
11/10/2011,109.86
11/11/2011,111.94
11/14/2011,110.88
11/15/2011,111.44
11/16/2011,109.65
11/17/2011,107.91
11/18/2011,107.81
11/21/2011,105.76
11/22/2011,105.36
11/23/2011,103.02
11/25/2011,102.83
11/28/2011,105.81
11/29/2011,106.1
11/30/2011,110.46
12/1/2011,110.44
12/2/2011,110.35
12/5/2011,111.56
12/6/2011,111.59
12/7/2011,112
12/8/2011,109.57
12/9/2011,111.42
12/12/2011,109.76
12/13/2011,108.75
12/14/2011,107.61
12/15/2011,107.98
12/16/2011,108.13
12/19/2011,106.99
12/20/2011,110.23
12/21/2011,110.43
12/22/2011,111.43
12/23/2011,112.41
12/27/2011,112.5
12/28/2011,111.04
12/29/2011,112.18
12/30/2011,111.62
1/3/2012,113.41
1/4/2012,113.58
1/5/2012,113.87
1/6/2012,113.59
1/9/2012,113.86
1/10/2012,114.85
1/11/2012,114.92
1/12/2012,115.2
1/13/2012,114.59
1/17/2012,115.04
1/18/2012,116.3
1/19/2012,116.94
1/20/2012,117.01
1/23/2012,117.08
1/24/2012,116.94
1/25/2012,117.9
1/26/2012,117.31
1/27/2012,117.25
1/30/2012,116.85
1/31/2012,116.8
2/1/2012,117.81
2/2/2012,118
2/3/2012,119.65
2/6/2012,119.57
2/7/2012,119.87
2/8/2012,120.25
2/9/2012,120.39
2/10/2012,119.48
2/13/2012,120.39
2/14/2012,120.25
2/15/2012,119.66
2/16/2012,121
2/17/2012,121.32
2/21/2012,121.37
2/22/2012,120.98
2/23/2012,121.51
2/24/2012,121.78
2/27/2012,122
2/28/2012,122.37
2/29/2012,121.86
3/1/2012,122.5
3/2/2012,122.14
3/5/2012,121.63
3/6/2012,119.83
3/7/2012,120.7
3/8/2012,121.88
3/9/2012,122.38
3/12/2012,122.39
3/13/2012,124.57
3/14/2012,124.44
3/15/2012,125.15
3/16/2012,125.33
3/19/2012,125.83
3/20/2012,125.47
3/21/2012,125.24
3/22/2012,124.36
3/23/2012,124.73
3/26/2012,126.5
3/27/2012,126.12
3/28/2012,125.48
3/29/2012,125.26
3/30/2012,125.79
4/2/2012,126.69
4/3/2012,126.2
4/4/2012,124.93
4/5/2012,124.89
4/9/2012,123.47
4/10/2012,121.39
4/11/2012,122.41
4/12/2012,124
4/13/2012,122.51
4/16/2012,122.44
4/17/2012,124.25
4/18/2012,123.83
4/19/2012,123.02
4/20/2012,123.23
4/23/2012,122.21
4/24/2012,122.65
4/25/2012,124.35
4/26/2012,125.2
4/27/2012,125.42
4/30/2012,124.94
5/1/2012,125.74
5/2/2012,125.36
5/3/2012,124.4
5/4/2012,122.41
5/7/2012,122.48
5/8/2012,121.99
5/9/2012,121.27
5/10/2012,121.5
5/11/2012,121.14
5/14/2012,119.79
5/15/2012,119.12
5/16/2012,118.67
5/17/2012,116.91
5/18/2012,115.9
5/21/2012,117.88
5/22/2012,118.09
5/23/2012,118.15
5/24/2012,118.38
5/25/2012,118
5/29/2012,119.43
5/30/2012,117.68
5/31/2012,117.44
6/1/2012,114.48
6/4/2012,114.42
6/5/2012,115.3
6/6/2012,117.88
6/7/2012,117.95
6/8/2012,118.91
6/11/2012,117.39
6/12/2012,118.74
6/13/2012,117.97
6/14/2012,119.24
6/15/2012,120.45
6/18/2012,120.69
6/19/2012,121.85
6/20/2012,121.65
6/21/2012,118.94
6/22/2012,119.83
6/25/2012,117.91
6/26/2012,118.51
6/27/2012,119.57
6/28/2012,119.25
6/29/2012,122.23
7/2/2012,122.58
7/3/2012,123.38
7/5/2012,122.82
7/6/2012,121.66
7/9/2012,121.5
7/10/2012,120.45
7/11/2012,120.47
7/12/2012,119.87
7/13/2012,121.89
7/16/2012,121.6
7/17/2012,122.45
7/18/2012,123.34
7/19/2012,123.68
7/20/2012,122.54
7/23/2012,121.3
7/24/2012,120.27
7/25/2012,120.29
7/26/2012,122.29
7/27/2012,124.53
7/30/2012,124.53
7/31/2012,123.66
8/1/2012,123.55
8/2/2012,122.69
8/3/2012,125.13
8/6/2012,125.37
8/7/2012,126.01
8/8/2012,126.16
8/9/2012,126.28
8/10/2012,126.46
8/13/2012,126.4
8/14/2012,126.42
8/15/2012,126.55
8/16/2012,127.51
8/17/2012,127.67
8/20/2012,127.68
8/21/2012,127.3
8/22/2012,127.35
8/23/2012,126.32
8/24/2012,127.06
8/27/2012,127.09
8/28/2012,126.97
8/29/2012,127.06
8/30/2012,126.16
8/31/2012,126.74
9/4/2012,126.62
9/5/2012,126.52
9/6/2012,129.09
9/7/2012,129.6
9/10/2012,128.86
9/11/2012,129.22
9/12/2012,129.65
9/13/2012,131.63
9/14/2012,132.22
9/17/2012,131.77
9/18/2012,131.66
9/19/2012,131.74
9/20/2012,131.75
9/21/2012,131.69
9/24/2012,131.48
9/25/2012,130.08
9/26/2012,129.37
9/27/2012,130.58
9/28/2012,129.97
10/1/2012,130.31
10/2/2012,130.46
10/3/2012,130.97
10/4/2012,131.91
10/5/2012,131.92
10/8/2012,131.47
10/9/2012,130.18
10/10/2012,129.35
10/11/2012,129.42
10/12/2012,128.98
10/15/2012,130.07
10/16/2012,131.38
10/17/2012,131.98
10/18/2012,131.64
10/19/2012,129.44
10/22/2012,129.46
10/23/2012,127.67
10/24/2012,127.31
10/25/2012,127.68
10/26/2012,127.61
10/31/2012,127.61
11/1/2012,128.93
11/2/2012,127.79
11/5/2012,128.05
11/6/2012,129.04
11/7/2012,126.14
11/8/2012,124.61
11/9/2012,124.7
11/12/2012,124.8
11/13/2012,124.4
11/14/2012,122.7
11/15/2012,122.5
11/16/2012,123.1
11/19/2012,125.61
11/20/2012,125.67
11/21/2012,125.9
11/23/2012,127.61
11/26/2012,127.34
11/27/2012,126.66
11/28/2012,127.7
11/29/2012,128.3
11/30/2012,128.34
12/3/2012,127.69
12/4/2012,127.52
12/5/2012,127.74
12/6/2012,128.18
12/7/2012,128.56
12/10/2012,128.6
12/11/2012,129.49
12/12/2012,129.56
12/13/2012,128.76
12/14/2012,128.29
12/17/2012,129.78
12/18/2012,131.22
12/19/2012,130.27
12/20/2012,130.99
12/21/2012,129.83
12/24/2012,129.43
12/26/2012,128.88
12/27/2012,128.71
12/28/2012,127.33
12/31/2012,129.48
1/2/2013,132.81
1/3/2013,132.51
1/4/2013,133.07
1/7/2013,132.72
1/8/2013,132.34
1/9/2013,132.67
1/10/2013,133.75
1/11/2013,133.74
1/14/2013,133.64
1/15/2013,133.74
1/16/2013,133.72
1/17/2013,134.55
1/18/2013,134.86
1/22/2013,135.6
1/23/2013,135.81
1/24/2013,135.84
1/25/2013,136.6
1/28/2013,136.43
1/29/2013,136.99
1/30/2013,136.43
1/31/2013,136.11
2/1/2013,137.53
2/4/2013,135.96
2/5/2013,137.35
2/6/2013,137.45
2/7/2013,137.27
2/8/2013,138.01
2/11/2013,137.98
2/12/2013,138.22
2/13/2013,138.33
2/14/2013,138.46
2/15/2013,138.3
2/19/2013,139.36
2/20/2013,137.62
2/21/2013,136.77
2/22/2013,138.09
2/25/2013,135.48
2/26/2013,136.39
2/27/2013,138.11
2/28/2013,137.84
3/1/2013,138.31
3/4/2013,139.04
3/5/2013,140.28
3/6/2013,140.47
3/7/2013,140.72
3/8/2013,141.35
3/11/2013,141.86
3/12/2013,141.55
3/13/2013,141.76
3/14/2013,142.51
3/15/2013,142.3
3/18/2013,141.54
3/19/2013,141.21
3/20/2013,142.18
3/21/2013,140.98
3/22/2013,142.1
3/25/2013,141.53
3/26/2013,142.64
3/27/2013,142.64
3/28/2013,143.08
4/1/2013,142.52
4/2/2013,143.22
4/3/2013,141.77
4/4/2013,142.33
4/5/2013,141.7
4/8/2013,142.65
4/9/2013,143.15
4/10/2013,144.89
4/11/2013,145.38
4/12/2013,145.02
4/15/2013,141.67
4/16/2013,143.76
4/17/2013,141.66
4/18/2013,140.76
4/19/2013,141.99
4/22/2013,142.62
4/23/2013,144.09
4/24/2013,144.19
4/25/2013,144.77
4/26/2013,144.53
4/29/2013,145.49
4/30/2013,145.85
5/1/2013,144.55
5/2/2013,145.88
5/3/2013,147.38
5/6/2013,147.76
5/7/2013,148.49
5/8/2013,149.17
5/9/2013,148.74
5/10/2013,149.24
5/13/2013,149.37
5/14/2013,150.9
5/15/2013,151.71
5/16/2013,151
5/17/2013,152.45
5/20/2013,152.44
5/21/2013,152.68
5/22/2013,151.54
5/23/2013,151.11
5/24/2013,150.97
5/28/2013,151.88
5/29/2013,150.89
5/30/2013,151.46
5/31/2013,149.28
6/3/2013,150.08
6/4/2013,149.39
6/5/2013,147.28
6/6/2013,148.6
6/7/2013,150.49
6/10/2013,150.49
6/11/2013,148.96
6/12/2013,147.73
6/13/2013,149.97
6/14/2013,149.03
6/17/2013,150.16
6/18/2013,151.39
6/19/2013,149.28
6/20/2013,145.59
6/21/2013,146.04
6/24/2013,144.2
6/25/2013,145.61
6/26/2013,147.02
6/27/2013,147.9
6/28/2013,147.28
7/1/2013,148.15
7/2/2013,148.01
7/3/2013,148.07
7/5/2013,149.68
7/8/2013,150.51
7/9/2013,151.61
7/10/2013,151.66
7/11/2013,153.73
7/12/2013,153.8
7/15/2013,154.38
7/16/2013,153.82
7/17/2013,154.19
7/18/2013,155.04
7/19/2013,155.31
7/22/2013,155.63
7/23/2013,155.29
7/24/2013,154.72
7/25/2013,155.09
7/26/2013,155.26
7/29/2013,154.78
7/30/2013,154.78
7/31/2013,154.89
8/1/2013,156.67
8/2/2013,156.94
8/5/2013,156.71
8/6/2013,155.86
8/7/2013,155.32
8/8/2013,155.91
8/9/2013,155.44
8/12/2013,155.26
8/13/2013,155.74
8/14/2013,154.92
8/15/2013,152.76
8/16/2013,152.23
8/19/2013,151.3
8/20/2013,152.02
8/21/2013,151.09
8/22/2013,152.45
8/23/2013,152.98
8/26/2013,152.39
8/27/2013,149.96
8/28/2013,150.47
8/29/2013,150.73
8/30/2013,150.24
9/3/2013,150.92
9/4/2013,152.18
9/5/2013,152.35
9/6/2013,152.43
9/9/2013,153.91
9/10/2013,155.04
9/11/2013,155.53
9/12/2013,155.11
9/13/2013,155.46
9/16/2013,156.37
9/17/2013,157.06
9/18/2013,158.87
9/19/2013,158.59
9/20/2013,157.51
9/23/2013,156.77
9/24/2013,156.41
9/25/2013,155.96
9/26/2013,156.54
9/27/2013,155.86
9/30/2013,155
10/1/2013,156.23
10/2/2013,156.09
10/3/2013,154.65
10/4/2013,155.84
10/7/2013,154.46
10/8/2013,152.67
10/9/2013,152.77
10/10/2013,156.08
10/11/2013,157.08
10/14/2013,157.73
10/15/2013,156.55
10/16/2013,158.74
10/17/2013,159.82
10/18/2013,160.89
10/21/2013,160.89
10/22/2013,161.85
10/23/2013,161.05
10/24/2013,161.59
10/25/2013,162.32
10/28/2013,162.6
10/29/2013,163.45
10/30/2013,162.66
10/31/2013,162.17
11/1/2013,162.58
11/4/2013,163.13
11/5/2013,162.64
11/6/2013,163.45
11/7/2013,161.4
11/8/2013,163.57
11/11/2013,163.6
11/12/2013,163.25
11/13/2013,164.59
11/14/2013,165.38
11/15/2013,166.11
11/18/2013,165.53
11/19/2013,165.15
11/20/2013,164.67
11/21/2013,165.97
11/22/2013,166.82
11/25/2013,166.65
11/26/2013,166.69
11/27/2013,167.09
11/29/2013,166.99
12/2/2013,166.55
12/3/2013,165.84
12/4/2013,165.83
12/5/2013,165.08
12/6/2013,166.94
12/9/2013,167.35
12/10/2013,166.76
12/11/2013,164.89
12/12/2013,164.34
12/13/2013,164.32
12/16/2013,165.34
12/17/2013,164.82
12/18/2013,167.64
12/19/2013,167.44
12/20/2013,168.41
12/23/2013,169.32
12/24/2013,169.69
12/26/2013,170.54
12/27/2013,170.53
12/30/2013,170.5
12/31/2013,171.33
1/2/2014,169.68
1/3/2014,169.65
1/6/2014,169.16
1/7/2014,170.19
1/8/2014,170.23
1/9/2014,170.34
1/10/2014,170.81
1/13/2014,168.53
1/14/2014,170.37
1/15/2014,171.3
1/16/2014,171.07
1/17/2014,170.34
1/21/2014,170.85
1/22/2014,170.96
1/23/2014,169.56
1/24/2014,165.93
1/27/2014,165.11
1/28/2014,166.1
1/29/2014,164.52
1/30/2014,166.26
1/31/2014,165.27
2/3/2014,161.56
2/4/2014,162.71
2/5/2014,162.49
2/6/2014,164.65
2/7/2014,166.67
2/10/2014,166.98
2/11/2014,168.81
2/12/2014,168.89
2/13/2014,169.76
2/14/2014,170.69
2/18/2014,170.91
2/19/2014,169.77
2/20/2014,170.77
2/21/2014,170.57
2/24/2014,171.53
2/25/2014,171.47
2/26/2014,171.47
2/27/2014,172.36
2/28/2014,172.8
3/3/2014,171.59
3/4/2014,174.01
3/5/2014,174.15
3/6/2014,174.54
3/7/2014,174.62
3/10/2014,174.52
3/11/2014,173.67
3/12/2014,173.72
3/13/2014,171.77
3/14/2014,171.3
3/17/2014,172.84
3/18/2014,174.07
3/19/2014,173.14
3/20/2014,174.15
3/21/2014,173.48
3/24/2014,172.77
3/25/2014,173.59
3/26/2014,172.33
3/27/2014,171.97
3/28/2014,172.82
3/31/2014,174.23
4/1/2014,175.4
4/2/2014,175.98
4/3/2014,175.74
4/4/2014,173.66
4/7/2014,171.74
4/8/2014,172.45
4/9/2014,174.31
4/10/2014,170.64
4/11/2014,169.11
4/14/2014,170.44
4/15/2014,171.62
4/16/2014,173.42
4/17/2014,173.66
4/21/2014,174.26
4/22/2014,175.05
4/23/2014,174.64
4/24/2014,175
4/25/2014,173.57
4/28/2014,174.11
4/29/2014,174.92
4/30/2014,175.46
5/1/2014,175.48
5/2/2014,175.22
5/5/2014,175.57
5/6/2014,174.02
5/7/2014,175.04
5/8/2014,174.86
5/9/2014,175.12
5/12/2014,176.83
5/13/2014,176.99
5/14/2014,176.14
5/15/2014,174.59
5/16/2014,175.21
5/19/2014,175.85
5/20/2014,174.74
5/21/2014,176.2
5/22/2014,176.63
5/23/2014,177.36
5/27/2014,178.44
5/28/2014,178.3
5/29/2014,179.23
5/30/2014,179.52
6/2/2014,179.72
6/3/2014,179.63
6/4/2014,179.98
6/5/2014,181.16
6/6/2014,182.03
6/9/2014,182.22
6/10/2014,182.24
6/11/2014,181.59
6/12/2014,180.32
6/13/2014,180.88
6/16/2014,181.01
6/17/2014,181.51
6/18/2014,182.85
6/19/2014,183.07
6/20/2014,183.43
6/23/2014,183.37
6/24/2014,182.27
6/25/2014,183.1
6/26/2014,182.97
6/27/2014,183.32
6/30/2014,183.22
7/1/2014,184.45
7/2/2014,184.65
7/3/2014,185.53
7/7/2014,184.9
7/8/2014,183.7
7/9/2014,184.54
7/10/2014,183.8
7/11/2014,184.07
7/14/2014,184.99
7/15/2014,184.65
7/16/2014,185.33
7/17/2014,183.21
7/18/2014,185.1
7/21/2014,184.74
7/22/2014,185.53
7/23/2014,185.95
7/24/2014,185.96
7/25/2014,185.11
7/28/2014,185.18
7/29/2014,184.37
7/30/2014,184.4
7/31/2014,180.78
8/1/2014,180.2
8/4/2014,181.5
8/5/2014,179.75
8/6/2014,179.81
8/7/2014,178.84
8/8/2014,180.91
8/11/2014,181.43
8/12/2014,181.17
8/13/2014,182.41
8/14/2014,183.26
8/15/2014,183.22
8/18/2014,184.76
8/19/2014,185.72
8/20/2014,186.22
8/21/2014,186.76
8/22/2014,186.48
8/25/2014,187.4
8/26/2014,187.53
8/27/2014,187.45
8/28/2014,187.36
8/29/2014,187.89
9/2/2014,187.79
9/3/2014,187.69
9/4/2014,187.41
9/5/2014,188.27
9/8/2014,187.77
9/9/2014,186.59
9/10/2014,187.29
9/11/2014,187.5
9/12/2014,186.42
9/15/2014,186.27
9/16/2014,187.67
9/17/2014,187.93
9/18/2014,188.95
9/19/2014,188.77
9/22/2014,187.3
9/23/2014,186.24
9/24/2014,187.68
9/25/2014,184.66
9/26/2014,186.13
9/29/2014,185.78
9/30/2014,185.31
10/1/2014,182.79
10/2/2014,182.82
10/3/2014,184.84
10/6/2014,184.63
10/7/2014,181.75
10/8/2014,184.95
10/9/2014,181.28
10/10/2014,179.21
10/13/2014,176.26
10/14/2014,176.52
10/15/2014,175.35
10/16/2014,175.2
10/17/2014,177.27
10/20/2014,179
10/21/2014,182.54
10/22/2014,181.23
10/23/2014,183.34
10/24/2014,184.75
10/27/2014,184.5
10/28/2014,186.61
10/29/2014,186.33
10/30/2014,187.51
10/31/2014,189.66
11/3/2014,189.77
11/4/2014,189.12
11/5/2014,190.31
11/6/2014,191.07
11/7/2014,191.23
11/10/2014,191.85
11/11/2014,192.05
11/12/2014,191.83
11/13/2014,192.06
11/14/2014,192.11
11/17/2014,192.23
11/18/2014,193.3
11/19/2014,193.01
11/20/2014,193.33
11/21/2014,194.41
11/24/2014,194.92
11/25/2014,194.79
11/26/2014,195.27
11/28/2014,194.87
12/1/2014,193.51
12/2/2014,194.78
12/3/2014,195.51
12/4/2014,195.29
12/5/2014,195.62
12/8/2014,194.34
12/9/2014,194.2
12/10/2014,191.07
12/11/2014,192.06
12/12/2014,188.96
12/15/2014,187.63
12/16/2014,186.14
12/17/2014,189.79
12/18/2014,194.51
12/19/2014,195.29
12/22/2014,196.22
12/23/2014,196.5
12/24/2014,196.51
12/26/2014,197.12
12/29/2014,197.37
12/30/2014,196.35
12/31/2014,194.4
1/2/2015,194.29
1/5/2015,190.77
1/6/2015,188.99
1/7/2015,191.31
1/8/2015,194.74
1/9/2015,193.16
1/12/2015,191.64
1/13/2015,191.11
1/14/2015,189.96
1/15/2015,188.22
1/16/2015,190.69
1/20/2015,191.09
1/21/2015,192.07
1/22/2015,194.9
1/23/2015,193.85
1/26/2015,194.31
1/27/2015,191.73
1/28/2015,189.26
1/29/2015,191.02
1/30/2015,188.63
2/2/2015,190.96
2/3/2015,193.72
2/4/2015,192.98
2/5/2015,194.92
2/6/2015,194.41
2/9/2015,193.51
2/10/2015,195.57
2/11/2015,195.69
2/12/2015,197.57
2/13/2015,198.4
2/17/2015,198.72
2/18/2015,198.74
2/19/2015,198.59
2/20/2015,199.77
2/23/2015,199.74
2/24/2015,200.32
2/25/2015,200.15
2/26/2015,199.91
2/27/2015,199.21
3/2/2015,200.48
3/3/2015,199.65
3/4/2015,198.83
3/5/2015,199.03
3/6/2015,196.25
3/9/2015,197.04
3/10/2015,193.86
3/11/2015,193.38
3/12/2015,194.07
3/13/2015,196.77
3/16/2015,197.24
3/17/2015,196.68
3/18/2015,199.03
3/19/2015,198.14
3/20/2015,199.88
3/23/2015,199.48
3/24/2015,198.37
3/25/2015,195.45
3/26/2015,194.99
3/27/2015,195.43
3/30/2015,197.82
3/31/2015,196.1
4/1/2015,195.39
4/2/2015,196.11
4/6/2015,197.41
4/7/2015,196.9
4/8/2015,197.56
4/9/2015,198.45
4/10/2015,199.52
4/13/2015,198.63
4/14/2015,199
4/15/2015,199.9
4/16/2015,199.84
4/17/2015,197.53
4/20/2015,199.33
4/21/2015,199.11
4/22/2015,200.09
4/23/2015,200.59
4/24/2015,201.06
4/27/2015,200.22
4/28/2015,200.86
4/29/2015,200.03
4/30/2015,198.03
5/1/2015,200.17
5/4/2015,200.75
5/5/2015,198.45
5/6/2015,197.62
5/7/2015,198.42
5/8/2015,201.03
5/11/2015,200.07
5/12/2015,199.46
5/13/2015,199.5
5/14/2015,201.57
5/15/2015,201.8
5/18/2015,202.43
5/19/2015,202.36
5/20/2015,202.22
5/21/2015,202.82
5/22/2015,202.32
5/26/2015,200.16
5/27/2015,202.04
5/28/2015,201.82
5/29/2015,200.57
6/1/2015,200.98
6/2/2015,200.79
6/3/2015,201.31
6/4/2015,199.61
6/5/2015,199.26
6/8/2015,198.05
6/9/2015,198.02
6/10/2015,200.39
6/11/2015,201.04
6/12/2015,199.49
6/15/2015,198.65
6/16/2015,199.72
6/17/2015,200.05
6/18/2015,202.12
6/19/2015,201.24
6/22/2015,202.26
6/23/2015,202.4
6/24/2015,200.94
6/25/2015,200.33
6/26/2015,200.29
6/29/2015,196.09
6/30/2015,196.51
7/1/2015,198.08
7/2/2015,197.89
7/6/2015,197.31
7/7/2015,198.57
7/8/2015,195.23
7/9/2015,195.58
7/10/2015,198.06
7/13/2015,200.24
7/14/2015,201.11
7/15/2015,201.04
7/16/2015,202.66
7/17/2015,202.83
7/20/2015,202.94
7/21/2015,202.12
7/22/2015,201.76
7/23/2015,200.63
7/24/2015,198.55
7/27/2015,197.38
7/28/2015,199.82
7/29/2015,201.2
7/30/2015,201.25
7/31/2015,200.94
8/3/2015,200.26
8/4/2015,199.87
8/5/2015,200.52
8/6/2015,198.89
8/7/2015,198.51
8/10/2015,201
8/11/2015,199.18
8/12/2015,199.42
8/13/2015,199.17
8/14/2015,199.91
8/17/2015,201.02
8/18/2015,200.43
8/19/2015,198.86
8/20/2015,194.71
8/21/2015,188.66
8/24/2015,180.94
8/25/2015,178.76
8/26/2015,185.61
8/27/2015,190.22
8/28/2015,190.23
8/31/2015,188.7
9/1/2015,183.07
9/2/2015,186.53
9/3/2015,186.67
9/4/2015,183.83
9/8/2015,188.46
9/9/2015,185.93
9/10/2015,186.96
9/11/2015,187.79
9/14/2015,187.12
9/15/2015,189.43
9/16/2015,191.08
9/17/2015,190.66
9/18/2015,187.63
9/21/2015,188.51
9/22/2015,186.06
9/23/2015,185.76
9/24/2015,185.1
9/25/2015,185.05
9/28/2015,180.41
9/29/2015,180.52
9/30/2015,183.87
10/1/2015,184.36
10/2/2015,187.12
10/5/2015,190.44
10/6/2015,189.79
10/7/2015,191.33
10/8/2015,193.06
10/9/2015,193.18
10/12/2015,193.35
10/13/2015,192.15
10/14/2015,191.21
10/15/2015,194.16
10/16/2015,195.03
10/19/2015,195.13
10/20/2015,194.87
10/21/2015,193.68
10/22/2015,196.94
10/23/2015,199.11
10/26/2015,198.63
10/27/2015,198.24
10/28/2015,200.49
10/29/2015,200.38
10/30/2015,199.51
11/2/2015,201.87
11/3/2015,202.46
11/4/2015,201.84
11/5/2015,201.63
11/6/2015,201.53
11/9/2015,199.65
11/10/2015,200.12
11/11/2015,199.32
11/12/2015,196.57
11/13/2015,194.35
11/16/2015,197.28
11/17/2015,197.14
11/18/2015,200.29
11/19/2015,200.11
11/20/2015,200.84
11/23/2015,200.61
11/24/2015,200.88
11/25/2015,200.85
11/27/2015,201.08
11/30/2015,200.25
12/1/2015,202.15
12/2/2015,200.09
12/3/2015,197.27
12/4/2015,201.14
12/7/2015,199.91
12/8/2015,198.58
12/9/2015,197.02
12/10/2015,197.53
12/11/2015,193.71
12/14/2015,194.7
12/15/2015,196.74
12/16/2015,199.61
12/17/2015,196.58
12/18/2015,193.06
12/21/2015,194.67
12/22/2015,196.44
12/23/2015,198.87
12/24/2015,198.54
12/28/2015,198.08
12/29/2015,200.19
12/30/2015,198.78
12/31/2015,196.79
1/4/2016,194.03
1/5/2016,194.37
1/6/2016,191.91
1/7/2016,187.29
1/8/2016,185.25
1/11/2016,185.42
1/12/2016,186.93
1/13/2016,182.27
1/14/2016,185.22
1/15/2016,181.22
1/19/2016,181.51
1/20/2016,179.19
1/21/2016,180.2
1/22/2016,183.89
1/25/2016,181.11
1/26/2016,183.57
1/27/2016,181.58
1/28/2016,182.55
1/29/2016,186.99
2/1/2016,186.92
2/2/2016,183.53
2/3/2016,184.65
2/4/2016,184.94
2/5/2016,181.42
2/8/2016,179
2/9/2016,178.99
2/10/2016,178.83
2/11/2016,176.49
2/12/2016,180.14
2/16/2016,183.18
2/17/2016,186.18
2/18/2016,185.4
2/19/2016,185.32
2/22/2016,188.01
2/23/2016,185.62
2/24/2016,186.5
2/25/2016,188.74
2/26/2016,188.31
2/29/2016,186.83
3/1/2016,191.28
3/2/2016,192.09
3/3/2016,192.83
3/4/2016,193.45
3/7/2016,193.61
3/8/2016,191.5
3/9/2016,192.45
3/10/2016,192.61
3/11/2016,195.71
3/14/2016,195.45
3/15/2016,195.13
3/16/2016,196.28
3/17/2016,197.51
3/18/2016,198.29
3/21/2016,198.58
3/22/2016,198.47
3/23/2016,197.15
3/24/2016,197.06
3/28/2016,197.18
3/29/2016,199.01
3/30/2016,199.88
3/31/2016,199.39
4/1/2016,200.77
4/4/2016,200.1
4/5/2016,198.11
4/6/2016,200.27
4/7/2016,197.87
4/8/2016,198.41
4/11/2016,197.94
4/12/2016,199.78
4/13/2016,201.79
4/14/2016,201.8
4/15/2016,201.57
4/18/2016,203.02
4/19/2016,203.64
4/20/2016,203.83
4/21/2016,202.77
4/22/2016,202.76
4/25/2016,202.4
4/26/2016,202.71
4/27/2016,203.12
4/28/2016,201.31
4/29/2016,200.18
5/2/2016,201.78
5/3/2016,200.01
5/4/2016,198.91
5/5/2016,198.88
5/6/2016,199.59
5/9/2016,199.75
5/10/2016,202.24
5/11/2016,200.35
5/12/2016,200.42
5/13/2016,198.67
5/16/2016,200.63
5/17/2016,198.76
5/18/2016,198.82
5/19/2016,198.12
5/20/2016,199.36
5/23/2016,199.09
5/24/2016,201.66
5/25/2016,203.05
5/26/2016,203.11
5/27/2016,203.94
5/31/2016,203.58
6/1/2016,204
6/2/2016,204.64
6/3/2016,204.01
6/6/2016,205.06
6/7/2016,205.36
6/8/2016,206.04
6/9/2016,205.76
6/10/2016,203.78
6/13/2016,202.24
6/14/2016,201.83
6/15/2016,201.55
6/16/2016,202.16
6/17/2016,201.41
6/20/2016,202.72
6/21/2016,203.28
6/22/2016,202.96
6/23/2016,205.59
6/24/2016,198.11
6/27/2016,194.67
6/28/2016,198.18
6/29/2016,201.54
6/30/2016,204.31
7/1/2016,204.66
7/5/2016,203.26
7/6/2016,204.48
7/7/2016,204.34
7/8/2016,207.42
7/11/2016,208.13
7/12/2016,209.63
7/13/2016,209.6
7/14/2016,210.77
7/15/2016,210.5
7/18/2016,211.06
7/19/2016,210.84
7/20/2016,211.7
7/21/2016,210.92
7/22/2016,211.86
7/25/2016,211.29
7/26/2016,211.39
7/27/2016,211.17
7/28/2016,211.41
7/29/2016,211.74
8/1/2016,211.57
8/2/2016,210.22
8/3/2016,210.83
8/4/2016,211.06
8/5/2016,212.79
8/8/2016,212.66
8/9/2016,212.79
8/10/2016,212.26
8/11/2016,213.24
8/12/2016,213.06
8/15/2016,213.66
8/16/2016,212.57
8/17/2016,212.97
8/18/2016,213.44
8/19/2016,213.14
8/22/2016,213.13
8/23/2016,213.54
8/24/2016,212.47
8/25/2016,212.32
8/26/2016,211.91
8/29/2016,212.96
8/30/2016,212.61
8/31/2016,212
9/1/2016,212.01
9/2/2016,212.97
9/6/2016,213.6
9/7/2016,213.58
9/8/2016,213.11
9/9/2016,208.01
9/12/2016,210.99
9/13/2016,207.96
9/14/2016,207.88
9/15/2016,209.95
9/16/2016,209.14
9/19/2016,209.18
9/20/2016,209.19
9/21/2016,211.54
9/22/2016,212.88
9/23/2016,211.7
9/26/2016,209.99
9/27/2016,211.3
9/28/2016,212.35
9/29/2016,210.43
9/30/2016,212.01
10/3/2016,211.5
10/4/2016,210.43
10/5/2016,211.36
10/6/2016,211.5
10/7/2016,210.78
10/10/2016,211.87
10/11/2016,209.2
10/12/2016,209.47
10/13/2016,208.79
10/14/2016,208.9
10/17/2016,208.18
10/18/2016,209.47
10/19/2016,210.03
10/20/2016,209.64
10/21/2016,209.74
10/24/2016,210.63
10/25/2016,209.93
10/26/2016,209.5
10/27/2016,208.95
10/28/2016,208.32
10/31/2016,208.33
11/1/2016,206.83
11/2/2016,205.58
11/3/2016,204.65
11/4/2016,204.42
11/7/2016,208.93
11/8/2016,209.87
11/9/2016,212.09
11/10/2016,212.63
11/11/2016,212.13
11/14/2016,212.3
11/15/2016,213.95
11/16/2016,213.54
11/17/2016,214.66
11/18/2016,214.17
11/21/2016,215.78
11/22/2016,216.21
11/23/2016,216.33
11/25/2016,217.14
11/28/2016,216.11
11/29/2016,216.54
11/30/2016,216.01
12/1/2016,215.22
12/2/2016,215.32
12/5/2016,216.63
12/6/2016,217.31
12/7/2016,220.14
12/8/2016,220.69
12/9/2016,222.01
12/12/2016,221.76
12/13/2016,223.26
12/14/2016,221.41
12/15/2016,222.31
12/16/2016,221.88
12/19/2016,222.36
12/20/2016,223.23
12/21/2016,222.6
12/22/2016,222.21
12/23/2016,222.54
12/27/2016,223.1
12/28/2016,221.26
12/29/2016,221.21
12/30/2016,220.39
1/3/2017,222.07
1/4/2017,223.41
1/5/2017,223.23
1/6/2017,224.02
1/9/2017,223.29
1/10/2017,223.29
1/11/2017,223.91
1/12/2017,223.36
1/13/2017,223.86
1/17/2017,223.08
1/18/2017,223.57
1/19/2017,222.74
1/20/2017,223.56
1/23/2017,222.98
1/24/2017,224.4
1/25/2017,226.35
1/26/2017,226.11
1/27/2017,225.75
1/30/2017,224.35
1/31/2017,224.33
2/1/2017,224.42
2/2/2017,224.57
2/3/2017,226.12
2/6/2017,225.71
2/7/2017,225.72
2/8/2017,226.02
2/9/2017,227.37
2/10/2017,228.26
2/13/2017,229.51
2/14/2017,230.42
2/15/2017,231.62
2/16/2017,231.43
2/17/2017,231.78
2/21/2017,233.18
2/22/2017,232.97
2/23/2017,233.13
2/24/2017,233.42
2/27/2017,233.77
2/28/2017,233.16
3/1/2017,236.41
3/2/2017,234.93
3/3/2017,235.08
3/6/2017,234.37
3/7/2017,233.67
3/8/2017,233.25
3/9/2017,233.54
3/10/2017,234.35
3/13/2017,234.47
3/14/2017,233.58
3/15/2017,235.6
3/16/2017,235.14
3/17/2017,234.72
3/20/2017,234.46
3/21/2017,231.46
3/22/2017,231.99
3/23/2017,231.74
3/24/2017,231.58
3/27/2017,231.35
3/28/2017,233.03
3/29/2017,233.25
3/30/2017,233.98
3/31/2017,233.45
4/3/2017,233.04
4/4/2017,233.19
4/5/2017,232.49
4/6/2017,233.15
4/7/2017,232.91
4/10/2017,233.05
4/11/2017,232.77
4/12/2017,231.74
4/13/2017,230.24
4/17/2017,232.28
4/18/2017,231.59
4/19/2017,231.17
4/20/2017,233.05
4/21/2017,232.3
4/24/2017,234.86
4/25/2017,236.22
4/26/2017,236.07
4/27/2017,236.27
4/28/2017,235.75
5/1/2017,236.35
5/2/2017,236.44
5/3/2017,236.15
5/4/2017,236.43
5/5/2017,237.37
5/8/2017,237.33
5/9/2017,237.11
5/10/2017,237.54
5/11/2017,237.05
5/12/2017,236.65
5/15/2017,237.95
5/16/2017,237.73
5/17/2017,233.53
5/18/2017,234.46
5/19/2017,235.98
5/22/2017,237.19
5/23/2017,237.71
5/24/2017,238.26
5/25/2017,239.41
5/26/2017,239.36
5/30/2017,239.15
5/31/2017,239.09
6/1/2017,240.99
6/2/2017,241.78
6/5/2017,241.62
6/6/2017,240.84
6/7/2017,241.29
6/8/2017,241.41
6/9/2017,241.04
6/12/2017,240.99
6/13/2017,242.16
6/14/2017,241.85
6/15/2017,241.4
6/16/2017,241.45
6/19/2017,243.46
6/20/2017,241.81
6/21/2017,241.76
6/22/2017,241.65
6/23/2017,241.93
6/26/2017,242.09
6/27/2017,240.14
6/28/2017,242.29
6/29/2017,240.16
6/30/2017,240.61
7/3/2017,241.02
7/5/2017,241.58
7/6/2017,239.37
7/7/2017,240.92
7/10/2017,241.18
7/11/2017,241
7/12/2017,242.81
7/13/2017,243.22
7/14/2017,244.35
7/17/2017,244.32
7/18/2017,244.45
7/19/2017,245.78
7/20/2017,245.88
7/21/2017,245.67
7/24/2017,245.61
7/25/2017,246.2
7/26/2017,246.21
7/27/2017,245.98
7/28/2017,245.7
7/31/2017,245.56
8/1/2017,246.1
8/2/2017,246.22
8/3/2017,245.75
8/4/2017,246.19
8/7/2017,246.65
8/8/2017,246.04
8/9/2017,246.03
8/10/2017,242.56
8/11/2017,242.92
8/14/2017,245.33
8/15/2017,245.3
8/16/2017,245.73
8/17/2017,241.89
8/18/2017,241.52
8/21/2017,241.71
8/22/2017,244.23
8/23/2017,243.36
8/24/2017,242.79
8/25/2017,243.36
8/28/2017,243.37
8/29/2017,243.65
8/30/2017,244.8
8/31/2017,246.27
9/1/2017,246.62
9/5/2017,244.85
9/6/2017,245.69
9/7/2017,245.66
9/8/2017,245.37
9/11/2017,247.98
9/12/2017,248.82
9/13/2017,248.94
9/14/2017,248.86
9/15/2017,249.19
9/18/2017,249.72
9/19/2017,249.97
9/20/2017,250.06
9/21/2017,249.39
9/22/2017,249.44
9/25/2017,248.93
9/26/2017,249.08
9/27/2017,250.05
9/28/2017,250.35
9/29/2017,251.23
10/2/2017,252.32
10/3/2017,252.86
10/4/2017,253.16
10/5/2017,254.66
10/6/2017,254.37
10/9/2017,253.95
10/10/2017,254.62
10/11/2017,255.02
10/12/2017,254.64
10/13/2017,254.95
10/16/2017,255.29
10/17/2017,255.47
10/18/2017,255.72
10/19/2017,255.79
10/20/2017,257.11
10/23/2017,256.11
10/24/2017,256.56
10/25/2017,255.29
10/26/2017,255.62
10/27/2017,257.71
10/30/2017,256.75
10/31/2017,257.15
11/1/2017,257.49
11/2/2017,257.59
11/3/2017,258.45
11/6/2017,258.85
11/7/2017,258.67
11/8/2017,259.11
11/9/2017,258.17
11/10/2017,258.09
